{
  "trailingSlash": false,
  "cleanUrls": true,
  "redirects": [
    {
      "source": "/qr",
      "destination": "/",
      "permanent": true
    },
    {
      "source": "/generator",
      "destination": "/",
      "permanent": true
    }
  ],
  "headers": [
    {
      "source": "/qrcode.min.js",
      "headers": [
        {
          "key": "Cache-Control",
          "value": "public, max-age=31536000, immutable"
        }
      ]
    },
    {
      "source": "/(.*\\.(css|js))",
      "headers": [
        {
          "key": "Cache-Control",
          "value": "public, max-age=31536000, immutable"
        }
      ]
    }
  ]
} 